title,company,location,link
라인프렌즈 2022년 각 부문 수시,라인프렌즈,서울 용산구,https://kr.indeed.com/viewjob?jk=1015284880e2ff62
빅데이터 분야,LG유플러스,서울,https://kr.indeed.com/viewjob?jk=67c19d7ac0857ecd
AI 분야,LG유플러스,서울,https://kr.indeed.com/viewjob?jk=abdc136f65ceddd4
Python 경력직 개발자 (신한은행 배달앱;땡겨요; 개인화 큐레이션 서비스 운영 개발),미식의시대,서울 중구,https://kr.indeed.com/viewjob?jk=64c241d8facd72c6
Python 기반 빅데이터 처리 개발자,드림어스컴퍼니,서울 서초구,https://kr.indeed.com/viewjob?jk=d364360d1e0368e3
Diploma Student / Intern_Linux/C++/Python,SAP,서울,https://kr.indeed.com/viewjob?jk=227cc2b8f27d02d9
이종 산업 라이프 데이터 가치를 발굴할 데이터 사이언티스트,LG전자,서울 서초구,https://kr.indeed.com/viewjob?jk=b8029d98cafb10ed
전문연구요원 (병역특례) 수시 (AI / HW 분야),딥엑스,성남 분당구,https://kr.indeed.com/viewjob?jk=78e99625e5de3c95
서버 개발자 Python(Django) Developer (경력),아테나스랩,서울 마포구,https://kr.indeed.com/viewjob?jk=53c7c22b9dacbbe3
AI Research Engineer Intern,Intel,서울,https://kr.indeed.com/viewjob?jk=ad695cb2c767be8b
UX Researcher (정량/포트폴리오 없는 전형),비바리퍼블리카,서울 강남구,https://kr.indeed.com/viewjob?jk=cdf77590ecd833dc
마케팅 데이터 사이언티스트 경력 (석사/박사 신입지원가능),LG전자,서울특별시,https://kr.indeed.com/viewjob?jk=10527efc7ef20f32
AI Frameworks Engineer Intern,Intel,서울,https://kr.indeed.com/viewjob?jk=74dd680945a195f3
각 분야별 인재 Pool 등록,지투알,서울,https://kr.indeed.com/viewjob?jk=a5e926e1d22cdc11
2022년 5월 CTO 배터리 진단 분야 전문가,LG에너지솔루션,대전 유성구,https://kr.indeed.com/viewjob?jk=ddf19052aedbc30c
JR0186078 AI Research Engineer Intern,인텔코리아,서울,https://kr.indeed.com/viewjob?jk=016de9bb83a8032d
자동차 전장 ADAS SW 분야 전문가,LG전자,서울 강서구,https://kr.indeed.com/viewjob?jk=f42242989b39b5e1
자동차 전장 Security 분야 전문가,LG전자,서울 강서구,https://kr.indeed.com/viewjob?jk=6d389529bece608b
[뉴플랫폼기술] 클라우드 엔지니어,한국카카오은행,성남 분당구,https://kr.indeed.com/viewjob?jk=a12731dc5b2871ba
DT운영팀 경력직 (팀원),에스케이쉴더스,서울 강남구,https://kr.indeed.com/viewjob?jk=71ea8de9b48b1846
Software Engineer Intern,Intel,서울,https://kr.indeed.com/viewjob?jk=8ab99f09dbabedc5
"[리얼클래스]백엔드 개발자 (Backend Developer, Python)",퀄슨,서울 강남구,https://kr.indeed.com/viewjob?jk=fcdc3ae2e803744f
Data Engineer & Scientist,LG전자,서울 영등포구,https://kr.indeed.com/viewjob?jk=5a50c5d2a639b6fe
2022년 AIFFEL AI 인공지능 전문교육,모두의연구소,서울 강남구,https://kr.indeed.com/viewjob?jk=f3c73d17b9f35e27
2022년 5월 ESS전지개발센터 R&D 경력사원,LG에너지솔루션,대전 유성구,https://kr.indeed.com/viewjob?jk=52fec363586e4c52
[2022 여름인턴] 프로젝트형 프로그래밍 직군,엔픽셀,서울 강남구,https://kr.indeed.com/viewjob?jk=28aaf5cabec620b5
Backend Developer (Python/Senior/6년이상),위대한상상,서울 서초구,https://kr.indeed.com/viewjob?jk=992f17e9e0140eca
1-yr Internship: Sensor Lab Engineer,Infineon Technologies,서울,https://kr.indeed.com/viewjob?jk=aeeccd4a7c31f94d
Data 분야 경력,LG CNS,서울,https://kr.indeed.com/viewjob?jk=6d86e9f32d31c84f
AI/데이터/차세대추진단 5월 정기,교원그룹,서울특별시,https://kr.indeed.com/viewjob?jk=d659bdecc95df2d1
Smart TV 서비스 백엔드 서버 개발자,LG전자,서울 강서구,https://kr.indeed.com/viewjob?jk=7f835dd4e3f3adb1
데이터 엔지니어/클라우드 엔지니어/데이터 플랫폼 개발분야 경력사원,LG전자,서울특별시,https://kr.indeed.com/viewjob?jk=f870e8c6ab4babcf
시스템 테스트 자동화 개발 및 원격 테스트 플랫폼 개발자,LG전자,경기도 평택,https://kr.indeed.com/viewjob?jk=3cad413588963349
전문연구요원 (병역특례) 수시 (AI / SW 분야),딥엑스,성남 분당구,https://kr.indeed.com/viewjob?jk=d83fc0dd2641f483
System Engineer (토스),비바리퍼블리카,서울 강남구,https://kr.indeed.com/viewjob?jk=1f2ad62f89d0dd7d
클라우드 분야 경력,LG CNS,서울,https://kr.indeed.com/viewjob?jk=8a6b6ce0b31ec8d4
AI Research Engineer,Intel,서울,https://kr.indeed.com/viewjob?jk=b22adf00b47eaa32
ML Engineer (토스뱅크),비바리퍼블리카,서울 강남구,https://kr.indeed.com/viewjob?jk=9e456d115b04fce7
"Project Manager, Pacific Collision Programs",Tesla,서울 강남구,https://kr.indeed.com/viewjob?jk=096413355c4cfd86
[데이터엔지니어링팀] Data Engineer (시니어),직방,서울 종로구,https://kr.indeed.com/viewjob?jk=a6d588f9d7bea248
Software R&D 경력,LG전자,경기도 평택,https://kr.indeed.com/viewjob?jk=f9f4f9766940363c
Python Developer (Internal Product),비바리퍼블리카,서울 강남구,https://kr.indeed.com/viewjob?jk=502648c96b603921
"JAVA, Python, R, C, C++ 외 신입/경력 개발자 정규직",이지서티,서울 강남구,https://kr.indeed.com/viewjob?jk=1e7271e69ef269da
각 부문 신입/경력 직원,한국전자금융,서울 마포구,https://kr.indeed.com/viewjob?jk=44e123e5f10102f2
[HDC 랩스] HDC랩스 R&D 캠퍼스 1기,현대산업개발,서울특별시,https://kr.indeed.com/viewjob?jk=f299d85cfe9787d7
백엔드 경력 정규직,라이트비전,서울 성동구,https://kr.indeed.com/viewjob?jk=8b6dbee8628c6409
[HDC 랩스] 2022년 상반기 경력 공개,현대산업개발,서울특별시,https://kr.indeed.com/viewjob?jk=e388dcd8eaea288a
[메이아이] Data Scientist (인턴),메이아이,서울 강남구,https://kr.indeed.com/viewjob?jk=2871f235cf1acafa
[NAVER Cloud] 데이터분석가,네이버클라우드,성남 분당구,https://kr.indeed.com/viewjob?jk=23a13cbdacf6e086
"[대기업] 딥러닝 (AI, 영상인식) 전문가 (석박사급)",비에이블컨설팅그룹,서울,https://kr.indeed.com/viewjob?jk=b062be76c4982a38
Python developer,Check after logging in after login,"Chandler, AZ",https://www.flexjobs.com/HostedJob.aspx?id=623638
Python Developer,Check after logging in after login,US National,https://www.flexjobs.com/HostedJob.aspx?id=1281485
Python Developer,Check after logging in after login,Brazil,https://www.flexjobs.com/HostedJob.aspx?id=1053306
Python Engineer,Check after logging in after login,US National,https://www.flexjobs.com/HostedJob.aspx?id=1563218
Python Developer,Check after logging in after login,Work from Anywhere,https://www.flexjobs.com/HostedJob.aspx?id=1210557
"Python, Django Developer",Check after logging in after login,Work from Anywhere,https://www.flexjobs.com/HostedJob.aspx?id=348771
Senior Python Engineer,Check after logging in after login,US National,https://www.flexjobs.com/HostedJob.aspx?id=1566654
Python Web Developer,Check after logging in after login,Poland,https://www.flexjobs.com/HostedJob.aspx?id=1079107
Python Application Developer,Check after logging in after login,"Taunton, MA, Ashburn, VA",https://www.flexjobs.com/HostedJob.aspx?id=1587510
Senior Python Engineer,Check after logging in after login,"Austin, TX",https://www.flexjobs.com/HostedJob.aspx?id=1120324
Senior Python Engineer,Check after logging in after login,"Buenos Aires, Argentina",https://www.flexjobs.com/HostedJob.aspx?id=1136752
Python Developer,Check after logging in after login,"Reston, VA",https://www.flexjobs.com/HostedJob.aspx?id=1570505
Senior Python Developer,Check after logging in after login,"Austin, TX",https://www.flexjobs.com/HostedJob.aspx?id=1407479
Python - Cloud Infrastructure Developer,Check after logging in after login,"Montreal, QC, Canada",https://www.flexjobs.com/HostedJob.aspx?id=668746
Library Software Engineer - Python,Check after logging in after login,"France, Spain",https://www.flexjobs.com/HostedJob.aspx?id=1473512
Cloud Engineer - Python,Check after logging in after login,"Bucharest, Romania",https://www.flexjobs.com/HostedJob.aspx?id=1496571
Python Platform Engineer,Check after logging in after login,US National,https://www.flexjobs.com/HostedJob.aspx?id=1574710
Senior Software Developer - Python,Check after logging in after login,"Plano, TX",https://www.flexjobs.com/HostedJob.aspx?id=1593266
Backend Developer: Python Django,Check after logging in after login,US National,https://www.flexjobs.com/HostedJob.aspx?id=1258789
Senior Software Developer - Python,Check after logging in after login,"Beaverton, OR",https://www.flexjobs.com/HostedJob.aspx?id=1593263
Data Engineer - Python,Check after logging in after login,"Irvine, CA",https://www.flexjobs.com/HostedJob.aspx?id=1408714
Full Stack Python Developer,Check after logging in after login,"San Diego, CA",https://www.flexjobs.com/HostedJob.aspx?id=1422661
Software Engineer - Python and K8s,Check after logging in after login,Work from Anywhere,https://www.flexjobs.com/HostedJob.aspx?id=1548329
Full Stack Python Developer,Check after logging in after login,"Linthicum Heights, MD",https://www.flexjobs.com/HostedJob.aspx?id=1575508
Python Backend Developer - Data Engineering,Check after logging in after login,Work from Anywhere,https://www.flexjobs.com/HostedJob.aspx?id=1577337
Software Engineer - Open Source Python,Check after logging in after login,"Canada, Mexico, Argentina, Bolivia, Brazil, Chile, Colombia, Ecuadaor, Guyana, Paraguay, Peru, Suriname, Uruguay, Venezeula, or US National",https://www.flexjobs.com/HostedJob.aspx?id=1558349
Senior Python Application Engineer,Check after logging in after login,"Canada, or US National",https://www.flexjobs.com/HostedJob.aspx?id=1582650
Senior Python Engineer - VMware,Check after logging in after login,US National,https://www.flexjobs.com/HostedJob.aspx?id=1583868
PHP Python Application Developer,Check after logging in after login,"Alpharetta, GA, Taunton, MA, Ashburn, VA, Irving, TX",https://www.flexjobs.com/HostedJob.aspx?id=1600401
Lead Software Developer - Python,Check after logging in after login,"Phoenix, AZ",https://www.flexjobs.com/HostedJob.aspx?id=1574083
Senior Backend Engineer Python,Check after logging in after login,Work from Anywhere,https://www.flexjobs.com/HostedJob.aspx?id=1582341
Senior Software Developer - Python,Check after logging in after login,"Phoenix, AZ",https://www.flexjobs.com/HostedJob.aspx?id=1593261
Senior Software Engineer - MongoDB - Python,Check after logging in after login,"Canada, Mexico, Argentina, Bolivia, Brazil, Chile, Colombia, Ecuadaor, Guyana, Paraguay, Peru, Suriname, Uruguay, Venezeula, Bulgaria, Croatia, Cyprus, Czech Republic, Egypt, Israel, Kenya, Lebanon, Luxembourg, Malta, Nigeria, Oman, Qatar, Romania, Saudi Arabia, Serbia, South Africa, Ukraine, United Arab Emirates, United Kingdom, or US National",https://www.flexjobs.com/HostedJob.aspx?id=1570472
"Data Engineer, Python and SQL",Check after logging in after login,"GA, CA, CO, TX, NJ, NY",https://www.flexjobs.com/HostedJob.aspx?id=1602697
"Senior Full Stack Software Engineer - Developer - Python, JavaScript, Django, React",Check after logging in after login,US National,https://www.flexjobs.com/HostedJob.aspx?id=1599480
Lead Python Software Developer,Check after logging in after login,"Plano, TX",https://www.flexjobs.com/HostedJob.aspx?id=1574311
Senior Software Engineer - Python - Operator Development,Check after logging in after login,"Canada, Mexico, Bulgaria, Croatia, Cyprus, Czech Republic, Egypt, Israel, Kenya, Lebanon, Luxembourg, Malta, Nigeria, Oman, Qatar, Romania, Saudi Arabia, Serbia, South Africa, Ukraine, United Arab Emirates, United Kingdom, Argentina, Bolivia, Brazil, Chile, Colombia, Ecuadaor, Guyana, Paraguay, Peru, Suriname, Uruguay, Venezeula, or US National",https://www.flexjobs.com/HostedJob.aspx?id=1563353
"Senior Machine Learning Engineer, Python",Check after logging in after login,US National,https://www.flexjobs.com/HostedJob.aspx?id=1475320
Senior Ruby or Python Engineer,Check after logging in after login,"MI, IN, KY, TN, GA, FL, OH, NC, SC, WV, VA, PA, DC, CT, NJ, NY, RI, NH, ME, MD, DE, VT",https://www.flexjobs.com/HostedJob.aspx?id=1282802
Senior Python API Software Engineer,Check after logging in after login,"Portland, OR",https://www.flexjobs.com/HostedJob.aspx?id=1582664
Full Stack Engineer - Python Security,Check after logging in after login,US National,https://www.flexjobs.com/HostedJob.aspx?id=1584082
Lead Python API Platform Engineer,Check after logging in after login,"Portland, OR",https://www.flexjobs.com/HostedJob.aspx?id=1585188
Senior Python Engineer - Solutions Development,Check after logging in after login,US National,https://www.flexjobs.com/HostedJob.aspx?id=1583867
"Software Development Engineer in Test - SDET, Python, SQL",Check after logging in after login,TX,https://www.flexjobs.com/HostedJob.aspx?id=1587961
"Automation Architect, QA Engineer - Python, SQL, Framework Development",Check after logging in after login,TX,https://www.flexjobs.com/HostedJob.aspx?id=1587887
"Senior Principal Engineer -  Linux, Python, C++",Check after logging in after login,US National,https://www.flexjobs.com/HostedJob.aspx?id=1541404
Engineering Manager,Check after logging in after login,Work from Anywhere,https://www.flexjobs.com/HostedJob.aspx?id=1588532
DevOps Engineer,Check after logging in after login,Work from Anywhere,https://www.flexjobs.com/HostedJob.aspx?id=1583407
Principal Software Engineer,Check after logging in after login,Argentina,https://www.flexjobs.com/HostedJob.aspx?id=1310483
"Team Lead, Engineering",Check after logging in after login,"NY, MA, GA, FL, IL, WA, CA, TX",https://www.flexjobs.com/HostedJob.aspx?id=1521643
